<?xml version="1.0" encoding="UTF-8"?>
<metadata xml:lang="nb"><Esri><CreaDate>20180511</CreaDate><CreaTime>10353700</CreaTime><ArcGISFormat>1.0</ArcGISFormat><ArcGISstyle>FGDC CSDGM Metadata</ArcGISstyle><SyncOnce>TRUE</SyncOnce><DataProperties><itemProps><itemLocation><linkage Sync="TRUE">file://\\vetinst.no\dfs-felles\felles02\FAG\EksterneDatakilder\GIS\FormaterteData\Hav_Norge</linkage><protocol Sync="TRUE">Local Area Network</protocol></itemLocation></itemProps><copyHistory><copy source="Q:\GIS\ND\Hav_Norge" dest="\\vetinst.no\dfs-felles\felles02\FAG\EksterneDatakilder\GIS\FormaterteData\Hav_Norge" date="20180511" time="10353700"></copy></copyHistory></DataProperties></Esri></metadata>
